<RSAKeyValue><Modulus>o9ULXIe3ArnG+amAj7mLPL8IaJGREIqQ2o+iJUg3q7L99V7viypXtC2GOpZL2tyObdA4xilfx6an+GCrue0w5IGV2959QGn7kc9SMUZmVhrTjQ6V5V2JY3HTayD0Ghjupm98F2Ep3uejbfilkqzgwOaJciaDgLu5mDYBc6PQDu0=</Modulus><Exponent>AQAB</Exponent><P>0cEWeycBB911QLVzjqo2pqJlLJI/kmm4YNzTrIL2Ar8HAfcvLK8YvxDqvdhvJYl+jvEwhdainzPB9FcHKnkM3w==</P><Q>x/QIW/J63CEougemQRxtVE+Ame2FhxmJMOljdctWZgmKBtYJv/evQPL1Lpsky9cqU3bUqujMsXBxzu14zZbRsw==</Q><DP>VnGOE0j6ysQA658cNaJ+jWQF8D2Bh5ScUQcREVqTioQxniTBw1eSCkQtifnlrIGir8RErBPNx3CsMUegg2eJ3w==</DP><DQ>NpRNJ9QDZ00B0e2+mu1IhogBAYNNPHhi81/xjzjGx6l47K7GEIlqZB8tf+BHZgDAg/He0Rwkq5aW6jX2EKBHcw==</DQ><InverseQ>xJnUEz21nvDbkZPnHynU8TGlpEdlqbBXpK2amRJLA1U1BDkqBpfIWXr81nZWsn2vK9XQIZ2J8KT6ycUKgpc5fQ==</InverseQ><D>ZL5hGikqVLbAsE2XDMpf4J7oIMVCmxVaNcwVPS/HbAHJQNV8H+uNuvIzlFtPkeoGe2iLQO+4QiEtMQLhFpfQc/d6r0KYCwUJozaZ56++S95m+GLPmE+8JaCM/egdNPqYsJhP9+NVqQQNjV/abnYGMr53f3UxeDSNFxOnNX/r0tE=</D></RSAKeyValue>